<?xml version="1.0" encoding="UTF-8" ?>
<!DOCTYPE configuration
        PUBLIC "-//mybatis.org//DTD Config 3.0//EN"
        "http://mybatis.org/dtd/mybatis-3-config.dtd">
<configuration>
    <environments default="development">
        <environment id="development">
            <transactionManager type="JDBC"/>
            <dataSource type="POOLED">
                <property name="driver" value="com.mysql.cj.jdbc.Driver"/>
                <property name="url" value="jdbc:mysql://localhost:3308/ebrainsoft_study"/>
                <property name="username" value="ebsoft"/>
                <property name="password" value="ebsoft"/>
            </dataSource>
        </environment>
    </environments>
    <mappers>
        <mapper resource="mapper/boardMapper.xml"/>
        <mapper resource="mapper/validationMapper.xml"/>
    </mappers>
</configuration>